PID,YOB,Gender,DOS,Fibrosis.Stage,Fibrosis.Stage.Binary,HCV,MFAP4,Age,log2.MFAP4
1112,1958,female,2/1/2005,Stage 0,moderate,1,5.1,47,2.350497247
3403,1946,female,1/18/2005,Stage 2,moderate,NA,5.3,59,2.40599236
2841,1954,female,1/3/2005,Stage 3,severe,1,12.9,51,3.689299161
654,1958,male,2/1/2005,Stage 3,severe,1,6.2,47,2.632268215
2788,1960,male,12/9/2004,Stage 0,moderate,3,3.3,44,1.722466024
2242,1954,female,5/12/2004,Stage 0,moderate,1,7.5,50,2.906890596
2182,1963,male,1/31/2005,Stage 3,severe,1,10.6,42,3.40599236
3592,1949,male,12/15/2004,Stage 3,severe,NA,5.3,55,2.40599236
2539,1943,female,1/18/2005,Stage 4,severe,NA,13.3,62,3.733354341
2922,1943,male,1/18/2005,Stage 1,moderate,1,31.2,62,4.963474124
2912,1950,male,2/24/2005,Stage 2,moderate,1,5.5,55,2.459431619
2717,1954,male,12/20/2004,Stage 0,moderate,NA,4.7,50,2.232660757
510,1967,male,2/22/2005,Stage 1,moderate,1,5.4,38,2.432959407
3383,1944,male,2/9/2005,Stage 0,moderate,NA,5,61,2.321928095
2570,1949,female,1/25/2005,Stage 1,moderate,1,6.6,56,2.722466024
1230,1951,female,5/31/2004,Stage 0,moderate,1,7.7,53,2.944858446
1578,1953,female,5/17/2004,Stage 0,moderate,1,10.4,51,3.378511623
2907,1953,female,11/9/2004,Stage 0,moderate,1,9.5,51,3.247927513
3701,1938,male,1/12/2005,Stage 4,severe,1,13.5,67,3.754887502
3052,1963,female,3/14/2005,Stage 0,moderate,1,6.2,42,2.632268215
1440,1956,male,2/24/2005,Stage 3,severe,1,18.1,49,4.177917792
563,1955,female,3/26/2004,Stage 0,moderate,1,13.9,49,3.797012978
1084,1939,male,10/6/2004,Stage 2,moderate,1,9.1,65,3.185866545
3607,1953,female,10/22/2004,Stage 1,moderate,1,8.8,51,3.137503524
2455,1959,female,12/7/2004,Stage 0,moderate,1,5.7,45,2.510961919
3159,1942,female,1/7/2005,Stage 2,moderate,NA,7,63,2.807354922
861,1973,male,11/18/2004,Stage 1,moderate,1,3.6,31,1.847996907
663,1974,male,1/10/2005,Stage 2,moderate,NA,6.7,31,2.744161096
1323,1956,male,3/3/2005,Stage 2,moderate,NA,3.9,49,1.963474124
2877,1959,female,9/24/2004,Stage 0,moderate,1,20.5,45,4.357552005
3082,1954,female,10/14/2004,Stage 1,moderate,1,16.8,50,4.070389328
1358,1941,male,11/24/2004,Stage 2,moderate,NA,15.3,63,3.935459748
1415,1958,male,1/19/2005,Stage 3,severe,1,15.3,47,3.935459748
1525,1956,male,2/17/2005,Stage 4,severe,3,8.6,49,3.10433666
981,1944,male,3/23/2005,Stage 2,moderate,NA,7.1,61,2.827819025
2627,1953,male,4/14/2005,Stage 2,moderate,1,8,52,3
1426,1959,female,1/13/2005,Stage 1,moderate,1,7,46,2.807354922
1182,1971,female,1/3/2005,Stage 0,moderate,1,4.4,34,2.137503524
582,1958,female,11/4/2004,Stage 1,moderate,1,7.4,46,2.887525271
4,1956,male,3/1/2005,Stage 1,moderate,1,3.9,49,1.963474124
3067,1934,male,2/9/2005,Stage 4,severe,1,22,71,4.459431619
2033,1951,male,9/27/2004,Stage 2,moderate,1,8.3,53,3.053111336
2232,1926,male,2/10/2005,Stage 4,severe,1,23.2,79,4.5360529
2524,1958,male,8/3/2005,Stage 0,moderate,1,4.9,47,2.292781749
2683,1962,male,7/28/2005,Stage 3,severe,1,19.8,43,4.307428525
3090,1985,male,7/27/2005,Stage 0,moderate,1,2.9,20,1.5360529
3544,1939,male,8/9/2005,Stage 1,moderate,NA,6.1,66,2.608809243
3618,1953,male,7/21/2005,Stage 0,moderate,1,4.1,52,2.03562391
25,1950,female,7/21/2005,Stage 2,moderate,1,7.7,55,2.944858446
696,1975,male,7/20/2005,Stage 1,moderate,4,10.3,30,3.364572432
741,1945,female,7/19/2005,Stage 1,moderate,1,14.7,60,3.87774425
1772,1947,female,7/4/2005,Stage 1,moderate,1,13.8,58,3.786596362
2444,1962,female,7/18/2005,Stage 1,moderate,2,5.5,43,2.459431619
1402,1964,female,7/11/2005,Stage 2,moderate,1,7.4,41,2.887525271
3382,1982,male,7/25/2005,Stage 1,moderate,3,2.3,23,1.201633861
398,1979,male,7/27/2005,Stage 0,moderate,3,2.2,26,1.137503524
38,1979,male,5/10/2005,Stage 1,moderate,3,2.9,26,1.5360529
1676,1962,male,7/4/2005,Stage 2,moderate,1,17.7,43,4.145677455
1360,1971,male,7/18/2005,Stage 1,moderate,3,13,34,3.700439718
3591,1951,female,6/1/2005,Stage 1,moderate,1,16.4,54,4.03562391
2321,1952,male,7/20/2005,Stage 3,severe,1,10.8,53,3.432959407
575,1977,female,7/14/2005,Stage 1,moderate,1,56.7,28,5.82527683
145,1960,female,7/7/2005,Stage 0,moderate,1,6,45,2.584962501
2189,1955,female,7/4/2005,Stage 1,moderate,1,9.2,50,3.201633861
3395,1960,male,7/19/2005,Stage 1,moderate,4,9,45,3.169925001
2275,1954,male,5/11/2005,Stage 1,moderate,1,25.6,51,4.678071905
1073,1929,female,2/3/2005,Stage 3,severe,1,18.3,76,4.193771743
1523,1979,female,5/21/2005,Stage 1,moderate,1,8.9,26,3.153805336
1584,1963,male,6/1/2005,Stage 2,moderate,1,9.4,42,3.232660757
3638,1960,female,5/27/2005,Stage 1,moderate,1,11.8,45,3.560714954
2917,1961,female,6/7/2005,Stage 2,moderate,4,21.4,44,4.419538892
956,1962,male,5/31/2005,Stage 1,moderate,2,9.7,43,3.277984747
3152,1941,female,5/17/2005,Stage 3,severe,3,10,64,3.321928095
1213,1978,male,6/7/2005,Stage 0,moderate,1,2.1,27,1.070389328
463,1950,male,5/24/2005,Stage 1,moderate,1,11.4,55,3.510961919
1532,1973,female,5/24/2005,Stage 2,moderate,NA,6.6,32,2.722466024
2720,1947,female,5/18/2005,Stage 1,moderate,1,11.3,58,3.498250868
3578,1959,male,4/7/2005,Stage 1,moderate,2,5.7,46,2.510961919
3236,1945,female,5/13/2005,Stage 2,moderate,1,10.1,60,3.336283388
1543,1976,female,5/12/2005,Stage 1,moderate,3,12.1,29,3.596935142
2574,1973,male,5/11/2005,Stage 1,moderate,3,5.9,32,2.560714954
2171,1978,male,6/13/2005,Stage 1,moderate,3,5,27,2.321928095
1320,1926,male,3/7/2005,Stage 3,severe,1,23.3,79,4.54225805
1092,1981,male,5/25/2005,Stage 1,moderate,2,5.5,24,2.459431619
3333,1942,male,6/14/2005,Stage 3,severe,NA,6.9,63,2.786596362
3318,1958,female,4/1/2005,Stage 1,moderate,1,3.6,47,1.847996907
3179,1977,male,7/2/2005,Stage 0,moderate,3,6.1,28,2.608809243
2626,1949,male,7/7/2005,Stage 0,moderate,1,30.8,56,4.944858446
2089,1949,female,6/14/2005,Stage 4,severe,1,48.7,56,5.605849867
2605,1932,female,5/25/2005,Stage 3,severe,1,62.4,73,5.963474124
2344,1952,male,6/9/2005,Stage 2,moderate,1,9.6,53,3.263034406
3225,1973,male,9/27/2005,Stage 0,moderate,1,3.7,32,1.887525271
1678,1941,male,9/22/2005,Stage 3,severe,1,32.8,64,5.03562391
3488,1967,male,9/8/2005,Stage 1,moderate,1,4.3,38,2.10433666
1502,1957,female,6/9/2005,Stage 1,moderate,1,9.8,48,3.292781749
138,1958,female,8/12/2004,Stage 1,moderate,1,4.8,46,2.263034406
3639,1963,female,5/19/2005,Stage 1,moderate,1,22.3,42,4.478971805
2415,1964,male,8/15/2005,Stage 2,moderate,3,9.3,41,3.217230716
988,1942,male,10/12/2005,Stage 3,severe,1,21.1,63,4.399171094
1716,1951,female,10/5/2001,Stage 4,severe,1,18.5,50,4.209453366
409,1961,male,8/29/2005,Stage 2,moderate,3,5.7,44,2.510961919
28,1941,female,7/25/2005,Stage 1,moderate,4,11.8,64,3.560714954
149,1948,female,6/28/2005,Stage 2,moderate,1,27.4,57,4.776103988
1220,1965,female,8/16/2005,Stage 0,moderate,3,7.1,40,2.827819025
181,1978,female,10/6/2005,Stage 2,moderate,1,10.8,27,3.432959407
1940,1950,male,9/23/2005,Stage 2,moderate,1,17.8,55,4.153805336
777,1934,female,9/20/2005,Stage 0,moderate,1,17.6,71,4.137503524
646,1970,female,8/29/2005,Stage 1,moderate,1,7.6,35,2.925999419
3262,1935,female,8/16/2005,Stage 4,severe,1,23.3,70,4.54225805
98,1950,male,9/8/2005,Stage 1,moderate,2,16.2,55,4.017921908
1666,1968,female,9/22/2005,Stage 2,moderate,4,10.5,37,3.392317423
1552,1967,female,5/6/2005,Stage 1,moderate,3,10.1,38,3.336283388
3579,1946,male,9/26/2005,Stage 1,moderate,1,17.3,59,4.112700133
2503,1939,female,9/21/2005,Stage 2,moderate,NA,21.6,66,4.432959407
1216,1955,female,9/8/2005,Stage 4,severe,1,24,50,4.584962501
2847,1976,female,8/31/2005,Stage 1,moderate,2,8.6,29,3.10433666
1126,1969,female,8/23/2005,Stage 1,moderate,3,12.2,36,3.608809243
63,1937,male,10/13/2005,Stage 4,severe,1,17.9,68,4.161887682
3347,1958,female,10/10/2005,Stage 0,moderate,1,8.9,47,3.153805336
1790,1977,male,9/28/2005,Stage 1,moderate,3,7.9,28,2.981852653
1831,1938,female,9/21/2005,Stage 1,moderate,1,32,67,5
1966,1942,male,9/21/2005,Stage 3,severe,1,19.3,63,4.270528942
1233,1976,male,9/13/2005,Stage 1,moderate,3,4,29,2
43,1948,male,9/13/2005,Stage 3,severe,1,6.1,57,2.608809243
1749,1943,female,9/2/2005,Stage 3,severe,1,70.4,62,6.137503524
2809,1968,male,10/4/2005,Stage 4,severe,1,26.1,37,4.705977902
3752,1954,female,10/5/2005,Stage 1,moderate,1,8.8,51,3.137503524
331,1950,male,7/5/2005,Stage 2,moderate,1,28.8,55,4.847996907
2278,1967,female,9/20/2005,Stage 2,moderate,4,8.5,38,3.087462841
2691,1965,male,9/15/2005,Stage 1,moderate,1,3.5,40,1.807354922
2930,1980,female,9/21/2005,Stage 1,moderate,1,3.4,25,1.765534746
3156,1972,male,4/21/2005,Stage 1,moderate,3,13.3,33,3.733354341
788,1955,female,6/30/2005,Stage 0,moderate,NA,8.2,50,3.03562391
2872,1954,male,9/13/2005,Stage 2,moderate,1,11.9,51,3.572889668
3520,1956,male,10/13/2005,Stage 2,moderate,1,5.9,49,2.560714954
1719,1940,male,9/29/2005,Stage 2,moderate,1,11.8,65,3.560714954
2319,1957,female,9/20/2005,Stage 1,moderate,1,7.9,48,2.981852653
2127,1962,female,9/8/2005,Stage 2,moderate,1,7,43,2.807354922
3696,1959,female,2/2/2006,Stage 2,moderate,3,4.2,47,2.070389328
1467,1959,female,5/26/2005,Stage 1,moderate,1,5.3,46,2.40599236
1588,1944,female,10/19/2005,Stage 1,moderate,1,7,61,2.807354922
2056,1943,female,11/21/2005,Stage 2,moderate,1,11.1,62,3.472487771
2205,1941,female,10/12/2005,Stage 3,severe,1,55.8,64,5.802193217
2360,1948,female,10/13/2005,Stage 2,moderate,1,24,57,4.584962501
2419,1934,female,10/20/2005,Stage 4,severe,1,63.4,71,5.986410935
2998,1943,male,10/17/2005,Stage 2,moderate,1,15,62,3.906890596
1480,1955,male,2/6/2006,Stage 0,moderate,NA,10.8,51,3.432959407
2044,1953,female,11/30/2005,Stage 4,severe,1,14.8,52,3.887525271
569,1941,female,2/6/2006,Stage 2,moderate,1,7.8,65,2.963474124
1720,1939,female,10/6/2005,Stage 3,severe,NA,10.6,66,3.40599236
69,1959,female,10/17/2005,Stage 2,moderate,1,7,46,2.807354922
1879,1959,female,9/13/2005,Stage 1,moderate,3,9.8,46,3.292781749
2004,1974,female,3/15/2006,Stage 0,moderate,1,5,32,2.321928095
1019,1952,female,1/11/2006,Stage 0,moderate,1,13.3,54,3.733354341
390,1964,female,10/25/2005,Stage 2,moderate,NA,11.4,41,3.510961919
2527,1957,female,2/17/2004,Stage 3,severe,1,9.4,47,3.232660757
1844,1948,female,12/5/2005,Stage 3,severe,1,20.1,57,4.329123596
1374,1964,male,11/10/2005,Stage 1,moderate,1,9.8,41,3.292781749
2325,1961,male,10/26/2005,Stage 1,moderate,1,6,44,2.584962501
3343,1978,male,10/18/2005,Stage 1,moderate,NA,5.6,27,2.485426827
411,1939,male,10/27/2005,Stage 1,moderate,1,61.1,66,5.933100475
2604,1972,female,2/15/2006,Stage 1,moderate,1,9.3,34,3.217230716
2434,1978,male,1/31/2006,Stage 0,moderate,1,4.9,28,2.292781749
3263,1965,male,12/22/2005,Stage 2,moderate,1,7.5,40,2.906890596
1929,1958,female,1/12/2006,Stage 0,moderate,1,3.6,48,1.847996907
3303,1984,female,11/17/2005,Stage 1,moderate,3,15.5,21,3.95419631
2093,1956,female,11/10/2005,Stage 1,moderate,1,11,49,3.459431619
3128,1949,male,10/19/2005,Stage 1,moderate,1,7.8,56,2.963474124
544,1971,male,1/30/2006,Stage 1,moderate,3,4.8,35,2.263034406
732,1947,male,11/2/2005,Stage 3,severe,1,17.4,58,4.121015401
1684,1948,male,11/14/2005,Stage 2,moderate,1,5.5,57,2.459431619
2450,1942,female,10/19/2005,Stage 3,severe,1,9.2,63,3.201633861
3216,1944,female,1/9/2006,Stage 2,moderate,1,5.6,62,2.485426827
1851,1955,female,12/12/2005,Stage 1,moderate,NA,6,50,2.584962501
1849,1944,female,11/14/2005,Stage 4,severe,NA,27.5,61,4.781359714
2398,1974,male,10/31/2005,Stage 1,moderate,1,3,31,1.584962501
1832,1957,male,10/31/2005,Stage 1,moderate,2,5.8,48,2.5360529
442,1957,male,10/21/2005,Stage 3,severe,1,28.3,48,4.822730148
2648,1981,female,1/10/2006,Stage 1,moderate,1,6.1,25,2.608809243
3198,1939,male,1/16/2006,Stage 0,moderate,NA,39.4,67,5.300123725
1454,1942,male,10/26/2005,Stage 2,moderate,1,15.2,63,3.925999419
704,1942,female,2/15/2006,Stage 4,severe,1,10.5,64,3.392317423
1207,1944,male,2/7/2006,Stage 0,moderate,1,7.8,62,2.963474124
2603,1947,female,1/31/2006,Stage 2,moderate,1,21.7,59,4.439623138
1116,1968,male,10/25/2005,Stage 1,moderate,3,7.3,37,2.867896464
1311,1976,male,10/5/2005,Stage 0,moderate,1,4.6,29,2.201633861
146,1952,male,11/22/2005,Stage 3,severe,4,23.5,53,4.554588852
837,1969,female,1/19/2006,Stage 2,moderate,3,9.6,37,3.263034406
303,1940,female,9/22/2004,Stage 2,moderate,NA,4,64,2
919,1931,female,5/15/2004,Stage 4,severe,1,13.4,73,3.744161096
607,1956,female,6/15/2004,Stage 2,moderate,1,22.7,48,4.504620392
1963,1954,female,9/8/2004,Stage 1,moderate,1,29.7,50,4.892391026
3136,1933,female,8/30/2004,Stage 0,moderate,1,34.6,71,5.112700133
2328,1935,male,8/26/2004,Stage 2,moderate,NA,18.9,69,4.240314329
2897,1958,male,4/4/2004,Stage 2,moderate,1,7.6,46,2.925999419
1656,1934,female,8/24/2004,Stage 1,moderate,1,11,70,3.459431619
1453,1943,male,2/16/2004,Stage 3,severe,1,65.8,61,6.040015679
2615,1953,male,5/31/2004,Stage 2,moderate,1,94.2,51,6.557655155
1770,1967,male,8/3/2004,Stage 4,severe,NA,14.9,37,3.897240426
624,1993,male,3/22/2006,Stage 2,moderate,1,25.5,13,4.672425342
1785,1954,female,10/18/2005,Stage 1,moderate,1,5.6,51,2.485426827
1332,1944,male,3/16/2006,Stage 4,severe,2,4.3,62,2.10433666
2806,1934,female,3/14/2006,Stage 3,severe,1,19.5,72,4.285402219
3306,1933,male,2/15/2006,Stage 4,severe,1,6.6,73,2.722466024
3022,1976,male,1/27/2006,Stage 1,moderate,NA,9.4,30,3.232660757
3292,1987,male,4/4/2006,Stage 2,moderate,1,10.8,19,3.432959407
2388,1936,female,3/30/2006,Stage 2,moderate,1,26.6,70,4.733354341
2851,1948,female,1/24/2006,Stage 1,moderate,1,20.7,58,4.371558863
2645,1967,male,4/4/2006,Stage 2,moderate,NA,3.7,39,1.887525271
2445,1942,female,1/18/2006,Stage 3,severe,1,9.1,64,3.185866545
1144,1945,female,4/5/2006,Stage 1,moderate,1,10.7,61,3.419538892
1960,1922,female,3/31/2006,Stage 4,severe,NA,18.6,84,4.217230716
3678,1962,male,2/8/2006,Stage 4,severe,1,52.1,44,5.703211467
1324,1931,female,7/13/2006,Stage 4,severe,1,73.8,75,6.205548911
1876,1965,male,7/17/2006,Stage 0,moderate,3,13.4,41,3.744161096
1848,1951,female,5/24/2006,Stage 3,severe,1,56.6,55,5.822730148
1734,1951,male,7/18/2006,Stage 4,severe,NA,34.8,55,5.121015401
3031,1954,male,7/19/2006,Stage 3,severe,1,35.7,52,5.157852169
3000,1951,male,7/20/2006,Stage 4,severe,1,17.2,55,4.10433666
3672,1964,female,7/24/2006,Stage 0,moderate,3,11.3,42,3.498250868
1712,1959,male,1/16/2006,Stage 0,moderate,1,5.5,47,2.459431619
1607,1946,female,3/23/2005,Stage 0,moderate,1,25.1,59,4.649615459
2908,1947,male,8/9/2006,Stage 2,moderate,1,23.2,59,4.5360529
1060,1963,male,9/5/2006,Stage 1,moderate,1,7.4,43,2.887525271
3413,1964,female,7/7/2006,Stage 1,moderate,1,12.6,42,3.655351829
1878,1949,female,3/14/2005,Stage 1,moderate,1,12.3,56,3.62058641
2,1955,male,9/13/2006,Stage 1,moderate,3,7.8,51,2.963474124
3229,1959,female,12/12/2005,Stage 0,moderate,1,14.6,46,3.867896464
1020,1935,female,5/22/2006,Stage 3,severe,1,13.6,71,3.765534746
1432,1930,male,7/8/2004,Stage 2,moderate,1,6.7,74,2.744161096
1731,1944,female,5/24/2006,Stage 3,severe,1,14.1,62,3.817623258
3675,1966,female,4/3/2006,Stage 0,moderate,1,6.4,40,2.678071905
3142,1962,female,3/23/2006,Stage 2,moderate,1,4.9,44,2.292781749
979,1950,female,1/31/2006,Stage 2,moderate,3,15.5,56,3.95419631
3567,1942,female,1/3/2006,Stage 4,severe,1,39.6,64,5.307428525
3121,1963,female,7/3/2006,Stage 4,severe,1,54.5,43,5.768184325
1995,1956,female,7/7/2006,Stage 1,moderate,2,9.2,50,3.201633861
3285,1945,male,7/11/2006,Stage 2,moderate,1,22,61,4.459431619
3651,1930,male,7/26/2006,Stage 2,moderate,1,41.6,76,5.378511623
1740,1948,male,7/27/2006,Stage 0,moderate,1,10.9,58,3.44625623
806,1978,male,7/27/2006,Stage 0,moderate,1,8.6,28,3.10433666
2284,1957,male,5/2/2006,Stage 1,moderate,1,20.9,49,4.385431037
3111,1963,male,8/1/2006,Stage 4,severe,NA,7.7,43,2.944858446
2874,1971,female,8/2/2006,Stage 2,moderate,3,21.5,35,4.426264755
1103,1949,male,7/3/2006,Stage 2,moderate,1,13.7,57,3.776103988
2899,1941,female,6/14/2006,Stage 2,moderate,1,9.3,65,3.217230716
3384,1951,male,5/23/2006,Stage 1,moderate,1,13.2,55,3.722466024
653,1963,male,6/22/2006,Stage 2,moderate,1,27,43,4.754887502
1988,1978,female,4/28/2006,Stage 3,severe,1,3.9,28,1.963474124
1998,1969,male,5/18/2006,Stage 2,moderate,3,7.4,37,2.887525271
2215,1943,female,4/5/2006,Stage 0,moderate,1,6.3,63,2.655351829
3315,1952,female,9/6/2006,Stage 4,severe,1,32.3,54,5.01346226
1312,1953,female,9/13/2006,Stage 1,moderate,1,22.9,53,4.517275693
1028,1943,male,9/28/2006,Stage 0,moderate,1,14.2,63,3.827819025
547,1964,male,7/11/2006,Stage 2,moderate,1,10.2,42,3.350497247
1214,1940,female,9/13/2004,Stage 0,moderate,3,10.8,64,3.432959407
2857,1981,female,11/14/2006,Stage 0,moderate,NA,6.4,25,2.678071905
2307,1936,female,5/11/2006,Stage 2,moderate,1,13.7,70,3.776103988
421,1961,male,5/10/2006,Stage 3,severe,1,5.8,45,2.5360529
3749,1968,male,6/20/2006,Stage 1,moderate,1,13.8,38,3.786596362
397,1953,male,6/20/2006,Stage 4,severe,3,51.5,53,5.686500527
1365,1957,male,6/27/2006,Stage 1,moderate,1,12.6,49,3.655351829
2329,1946,male,1/16/2006,Stage 0,moderate,NA,34,60,5.087462841
3361,1960,male,5/22/2006,Stage 4,severe,3,18,46,4.169925001
1574,1948,male,1/24/2006,Stage 3,severe,1,20.9,58,4.385431037
592,1956,male,1/11/2006,Stage 2,moderate,1,13.4,50,3.744161096
1779,1943,male,11/16/2005,Stage 4,severe,1,41.4,62,5.371558863
681,1967,female,6/14/2006,Stage 1,moderate,1,7.3,39,2.867896464
1070,1943,male,1/6/2004,Stage 2,moderate,1,11.9,61,3.572889668
1422,1957,male,12/9/2003,Stage 2,moderate,1,9.4,46,3.232660757
1834,1953,female,12/15/2003,Stage 3,severe,2,8.7,50,3.121015401
2569,1947,female,12/9/2003,Stage 3,severe,NA,22.1,56,4.465974465
468,1964,male,12/9/2003,Stage 2,moderate,1,4.9,39,2.292781749
2465,1937,male,12/8/2003,Stage 1,moderate,1,7.9,66,2.981852653
586,1953,male,12/4/2003,Stage 2,moderate,NA,7.1,50,2.827819025
559,1972,female,12/4/2003,Stage 2,moderate,3,9.8,31,3.292781749
3562,1928,female,11/18/2003,Stage 3,severe,NA,18.2,75,4.185866545
185,1955,female,12/8/2003,Stage 2,moderate,1,16.6,48,4.053111336
1119,1939,male,1/6/2004,Stage 1,moderate,1,7.9,65,2.981852653
287,1960,female,1/5/2004,Stage 0,moderate,1,6,44,2.584962501
3127,1971,female,1/5/2004,Stage 2,moderate,1,10.3,33,3.364572432
625,1964,male,12/17/2003,Stage 0,moderate,1,7.9,39,2.981852653
1852,1944,male,12/10/2003,Stage 1,moderate,1,6.7,59,2.744161096
1591,1948,female,12/8/2003,Stage 1,moderate,1,6,55,2.584962501
2429,1963,male,12/8/2003,Stage 1,moderate,1,9.1,40,3.185866545
1702,1951,female,12/16/2003,Stage 2,moderate,1,9,52,3.169925001
2458,1958,male,12/3/2003,Stage 1,moderate,1,9,45,3.169925001
3066,1965,male,12/22/2003,Stage 1,moderate,3,5.9,38,2.560714954
3178,1973,female,12/18/2003,Stage 0,moderate,1,5.7,30,2.510961919
1654,1968,female,12/17/2003,Stage 0,moderate,1,7.7,35,2.944858446
1978,1981,female,12/2/2003,Stage 0,moderate,1,8.2,22,3.03562391
1746,1961,male,12/1/2003,Stage 2,moderate,1,10.6,42,3.40599236
3371,1940,male,12/3/2003,Stage 4,severe,1,13.2,63,3.722466024
3443,1931,male,11/25/2003,Stage 1,moderate,1,5.4,72,2.432959407
3101,1934,male,11/25/2003,Stage 2,moderate,NA,24.9,69,4.638073837
1541,1938,female,11/25/2003,Stage 4,severe,1,35.1,65,5.133399125
2983,1930,female,12/11/2003,Stage 1,moderate,1,25.3,73,4.66106548
3441,1949,female,11/24/2003,Stage 0,moderate,1,16.9,54,4.078951341
1075,1962,male,11/24/2003,Stage 1,moderate,1,7.6,41,2.925999419
3379,1963,male,12/22/2003,Stage 1,moderate,3,4.8,40,2.263034406
403,1963,female,12/22/2003,Stage 3,severe,3,10.7,40,3.419538892
3423,1965,male,11/20/2003,Stage 1,moderate,1,5,38,2.321928095
2395,1946,male,11/21/2003,Stage 1,moderate,1,15.4,57,3.944858446
2310,1955,male,11/20/2003,Stage 0,moderate,1,7.1,48,2.827819025
281,1946,male,11/17/2003,Stage 0,moderate,1,9.6,57,3.263034406
857,1951,male,11/12/2003,Stage 0,moderate,1,12.5,52,3.64385619
829,1954,male,11/13/2003,Stage 1,moderate,1,13.7,49,3.776103988
107,1962,male,11/11/2003,Stage 1,moderate,1,13.6,41,3.765534746
459,1981,male,11/11/2003,Stage 1,moderate,1,10.8,22,3.432959407
1317,1956,male,11/10/2003,Stage 1,moderate,1,10.5,47,3.392317423
2170,1950,female,11/3/2003,Stage 1,moderate,1,6.3,53,2.655351829
292,1956,male,11/7/2003,Stage 4,severe,1,9.3,47,3.217230716
2494,1944,male,11/6/2003,Stage 4,severe,1,9.5,59,3.247927513
1249,1962,male,11/6/2003,Stage 2,moderate,1,15.4,41,3.944858446
1902,1969,male,10/31/2003,Stage 4,severe,1,68.4,34,6.09592442
2816,1967,male,12/17/2003,Stage 2,moderate,1,6.2,36,2.632268215
459,1981,male,11/11/2003,Stage 1,moderate,1,8.7,22,3.121015401
844,1940,female,12/17/2003,Stage 1,moderate,1,8.7,63,3.121015401
1340,1971,male,11/20/2003,Stage 1,moderate,1,3.8,32,1.925999419
878,1951,female,1/6/2004,Stage 4,severe,1,28.3,53,4.822730148
2474,1942,female,1/7/2004,Stage 2,moderate,1,12.3,62,3.62058641
388,1950,female,1/6/2004,Stage 2,moderate,1,14.8,54,3.887525271
3532,1963,male,1/13/2004,Stage 1,moderate,1,3.7,41,1.887525271
2018,1949,female,1/12/2004,Stage 2,moderate,NA,6.9,55,2.786596362
1738,1948,female,1/19/2004,Stage 2,moderate,3,7.6,56,2.925999419
2817,1953,male,2/2/2004,Stage 4,severe,1,16,51,4
540,1967,male,1/20/2004,Stage 1,moderate,3,3,37,1.584962501
2353,1942,female,1/15/2004,Stage 2,moderate,NA,21.8,62,4.44625623
3453,1931,female,1/22/2004,Stage 2,moderate,1,17,73,4.087462841
1004,1975,female,1/28/2003,Stage 0,moderate,NA,7.5,28,2.906890596
1737,1940,female,1/20/2004,Stage 2,moderate,1,14,64,3.807354922
1128,1948,female,2/5/2004,Stage 1,moderate,1,7.3,56,2.867896464
890,1959,male,2/6/2004,Stage 2,moderate,1,7.8,45,2.963474124
3032,1953,male,2/11/2004,Stage 2,moderate,1,3.3,51,1.722466024
3140,1983,female,2/11/2004,Stage 1,moderate,1,7.5,21,2.906890596
1190,1957,male,2/12/2004,Stage 3,severe,NA,17.2,47,4.10433666
1012,1957,male,2/12/2002,Stage 4,severe,1,17.4,45,4.121015401
737,1954,female,2/25/2004,Stage 2,moderate,1,8.4,50,3.070389328
2290,1947,female,2/25/2004,Stage 2,moderate,1,20.2,57,4.336283388
2452,1980,male,3/8/2004,Stage 0,moderate,3,2.8,24,1.485426827
279,1963,female,2/13/2004,Stage 1,moderate,NA,9.7,41,3.277984747
2201,1956,female,1/19/2004,Stage 3,severe,3,11,48,3.459431619
1513,1950,female,2/17/2004,Stage 3,severe,1,47,54,5.554588852
1287,1960,female,2/16/2004,Stage 1,moderate,1,15.4,44,3.944858446
3132,1951,female,3/2/2004,Stage 1,moderate,2,4.9,53,2.292781749
1398,1959,male,1/21/2004,Stage 1,moderate,4,7,45,2.807354922
460,1948,male,3/9/2004,Stage 4,severe,NA,7.4,56,2.887525271
2990,1957,female,3/8/2004,Stage 1,moderate,1,17.2,47,4.10433666
1854,1982,female,2/19/2004,Stage 0,moderate,3,12,22,3.584962501
1493,1959,female,3/3/2004,Stage 2,moderate,1,9.3,45,3.217230716
2696,1955,female,1/27/2004,Stage 0,moderate,1,4,49,2
3389,1964,male,1/15/2004,Stage 2,moderate,1,7.2,40,2.847996907
1589,1948,male,2/2/2004,Stage 4,severe,NA,9.8,56,3.292781749
2088,1936,female,1/27/2004,Stage 3,severe,NA,29.1,68,4.862947248
2065,1941,male,1/15/2004,Stage 3,severe,1,15,63,3.906890596
2279,1932,male,1/12/2004,Stage 4,severe,NA,9.6,72,3.263034406
2747,1959,male,1/14/2004,Stage 2,moderate,1,5.2,45,2.378511623
1218,1969,male,3/1/2004,Stage 1,moderate,3,5.7,35,2.510961919
2047,1941,female,1/26/2004,Stage 1,moderate,1,27.6,63,4.786596362
261,1948,female,1/19/2004,Stage 1,moderate,NA,6.7,56,2.744161096
870,1954,female,1/28/2004,Stage 0,moderate,1,4.6,50,2.201633861
995,1945,female,4/29/2004,Stage 1,moderate,1,8.8,59,3.137503524
330,1940,male,4/29/2004,Stage 4,severe,NA,29.2,64,4.867896464
2973,1944,female,4/7/2004,Stage 1,moderate,1,6.3,60,2.655351829
2777,1958,female,4/20/2004,Stage 1,moderate,1,10.8,46,3.432959407
1186,1943,female,3/31/2004,Stage 3,severe,1,12.4,61,3.632268215
2613,1970,male,2/16/2004,Stage 1,moderate,3,4.7,34,2.232660757
1674,1940,female,4/5/2004,Stage 3,severe,1,6.6,64,2.722466024
101,1944,female,4/5/2004,Stage 1,moderate,1,10.5,60,3.392317423
3377,1947,male,4/1/2004,Stage 1,moderate,1,10.5,57,3.392317423
1821,1935,female,3/31/2004,Stage 2,moderate,1,20,69,4.321928095
3327,1974,male,4/1/2004,Stage 1,moderate,1,11.1,30,3.472487771
3462,1946,female,11/7/2003,Stage 0,moderate,1,11.2,57,3.485426827
1166,1961,male,1/20/2004,Stage 0,moderate,1,3.7,43,1.887525271
1633,1974,female,3/30/2004,Stage 0,moderate,1,6,30,2.584962501
3188,1975,male,3/29/2004,Stage 0,moderate,1,8.6,29,3.10433666
17,1941,female,3/30/2004,Stage 4,severe,2,26.9,63,4.749534268
1136,1942,female,3/30/2004,Stage 1,moderate,1,18.1,62,4.177917792
2537,1950,male,3/29/2004,Stage 1,moderate,1,5,54,2.321928095
10,1974,female,4/7/2004,Stage 2,moderate,1,11.4,30,3.510961919
2197,1958,female,3/12/2004,Stage 0,moderate,1,4.3,46,2.10433666
211,1961,female,3/25/2004,Stage 1,moderate,2,6.2,43,2.632268215
3772,1942,female,3/24/2004,Stage 2,moderate,1,5,62,2.321928095
2844,1938,male,4/7/2004,Stage 1,moderate,NA,3.3,66,1.722466024
703,1974,male,3/23/2004,Stage 1,moderate,1,6,30,2.584962501
318,1940,female,1/16/2004,Stage 2,moderate,1,10.6,64,3.40599236
2796,1964,female,3/17/2004,Stage 3,severe,1,6.2,40,2.632268215
558,1930,male,3/23/2004,Stage 1,moderate,1,6.8,74,2.765534746
2803,1942,male,3/15/2004,Stage 2,moderate,1,6.6,62,2.722466024
1247,1943,female,3/18/2004,Stage 1,moderate,1,8.3,61,3.053111336
1244,1979,male,2/19/2004,Stage 0,moderate,1,6.3,25,2.655351829
612,1971,male,3/15/2004,Stage 2,moderate,NA,8.4,33,3.070389328
2543,1961,male,2/3/2004,Stage 2,moderate,2,12.4,43,3.632268215
2814,1941,female,3/10/2004,Stage 1,moderate,NA,10.6,63,3.40599236
3235,1931,male,3/22/2004,Stage 1,moderate,1,2.8,73,1.485426827
2559,1977,male,3/9/2004,Stage 1,moderate,1,5.2,27,2.378511623
3615,1965,male,3/8/2004,Stage 1,moderate,2,8.3,39,3.053111336
394,1938,female,3/9/2004,Stage 2,moderate,1,13.3,66,3.733354341
3007,1968,female,3/9/2004,Stage 0,moderate,2,8.4,36,3.070389328
2734,1950,male,4/30/2004,Stage 1,moderate,1,24.3,54,4.602884409
2249,1955,male,5/3/2004,Stage 4,severe,3,9.3,49,3.217230716
2283,1977,male,5/3/2004,Stage 2,moderate,1,8,27,3
2736,1962,male,4/29/2004,Stage 0,moderate,3,11.3,42,3.498250868
2220,1961,male,4/15/2004,Stage 2,moderate,1,2.5,43,1.321928095
2277,1973,female,4/14/2004,Stage 1,moderate,1,6.2,31,2.632268215
574,1953,female,4/27/2004,Stage 2,moderate,1,8,51,3
3008,1935,female,4/13/2004,Stage 2,moderate,1,32.5,69,5.022367813
288,1948,female,4/7/2004,Stage 2,moderate,1,4.6,56,2.201633861
901,1940,female,4/13/2004,Stage 4,severe,1,21.7,64,4.439623138
3255,1935,male,3/10/2004,Stage 4,severe,1,25.3,69,4.66106548
1094,1976,female,7/21/2004,Stage 0,moderate,NA,7.7,28,2.944858446
1303,1953,male,6/21/2004,Stage 2,moderate,1,4.1,51,2.03562391
280,1963,male,7/20/2004,Stage 4,severe,1,34.9,41,5.125155131
1319,1941,male,8/9/2004,Stage 1,moderate,1,42.5,63,5.409390936
1827,1946,female,7/19/2004,Stage 0,moderate,NA,13.9,58,3.797012978
3735,1954,female,5/8/2004,Stage 1,moderate,1,12.8,50,3.678071905
2694,1968,male,5/24/2004,Stage 1,moderate,andere,5,36,2.321928095
863,1974,female,5/10/2004,Stage 1,moderate,2,15.9,30,3.99095486
3726,1964,male,5/12/2004,Stage 2,moderate,1,7,40,2.807354922
3313,1992,female,4/20/2004,Stage 1,moderate,1,3.6,12,1.847996907
2941,1934,female,5/27/2004,Stage 2,moderate,1,6.7,70,2.744161096
3605,1962,female,5/10/2004,Stage 1,moderate,1,11.3,42,3.498250868
3571,1964,male,5/12/2004,Stage 0,moderate,1,8.8,40,3.137503524
3545,1958,female,5/10/2004,Stage 1,moderate,1,11.5,46,3.523561956
1023,1970,male,7/26/2004,Stage 1,moderate,1,5.6,34,2.485426827
1934,1988,male,4/20/2004,Stage 0,moderate,1,4.6,16,2.201633861
2463,1961,female,5/11/2004,Stage 1,moderate,1,8.6,43,3.10433666
2792,1960,male,5/17/2004,Stage 1,moderate,1,5.2,44,2.378511623
36,1976,male,8/3/2004,Stage 1,moderate,3,6.8,28,2.765534746
1078,1955,female,5/4/2004,Stage 4,severe,3,21.7,49,4.439623138
2653,1961,female,6/25/2004,Stage 2,moderate,1,5.2,43,2.378511623
1881,1977,female,2/17/2004,Stage 0,moderate,1,3.8,27,1.925999419
3176,1932,female,7/12/2004,Stage 4,severe,1,26.6,72,4.733354341
2833,1952,male,8/5/2004,Stage 1,moderate,1,11.8,52,3.560714954
2963,1957,female,6/2/2004,Stage 1,moderate,1,21.6,47,4.432959407
3369,1957,male,5/24/2004,Stage 1,moderate,1,7.8,47,2.963474124
2925,1959,male,5/17/2004,Stage 3,severe,1,21.1,45,4.399171094
3700,1976,male,8/4/2004,Stage 1,moderate,1,6.3,28,2.655351829
1944,1976,female,8/4/2004,Stage 1,moderate,1,8.3,28,3.053111336
2425,1938,female,7/22/2004,Stage 2,moderate,1,6.4,66,2.678071905
1048,1954,female,6/4/2004,Stage 2,moderate,1,11.3,50,3.498250868
2639,1940,male,5/1/2004,Stage 2,moderate,1,18.2,64,4.185866545
3232,1935,female,3/11/2004,Stage 3,severe,1,10,69,3.321928095
343,1978,male,6/29/2004,Stage 2,moderate,3,6.4,26,2.678071905
2801,1958,male,7/12/2004,Stage 2,moderate,NA,9.6,46,3.263034406
637,1966,female,7/6/2004,Stage 1,moderate,1,4.6,38,2.201633861
2520,1960,female,6/15/2004,Stage 2,moderate,3,16.9,44,4.078951341
2140,1953,male,5/17/2004,Stage 4,severe,1,9.2,51,3.201633861
974,1964,male,11/16/2005,Stage 2,moderate,1,3.6,41,1.847996907
710,1953,male,1/13/2004,Stage 0,moderate,1,5.2,51,2.378511623
1764,1952,male,3/28/2006,Stage 3,severe,1,17.8,54,4.153805336
1901,1963,male,8/9/2004,Stage 4,severe,1,62.3,41,5.961160258
1441,1950,male,3/1/2005,Stage 0,moderate,1,16.4,55,4.03562391
3197,1955,male,1/31/2005,Stage 0,moderate,NA,9.4,50,3.232660757
2865,1950,female,1/7/2005,Stage 0,moderate,1,12.2,55,3.608809243
78,1962,female,3/4/2004,Stage 1,moderate,1,7,42,2.807354922
1696,1940,male,1/8/2004,Stage 3,severe,1,25.1,64,4.649615459
2871,1952,female,3/29/2004,Stage 1,moderate,1,7.4,52,2.887525271
2198,1964,male,2/6/2006,Stage 3,severe,NA,14,42,3.807354922
859,1965,male,2/15/2006,Stage 1,moderate,3,6.6,41,2.722466024
1991,1935,male,10/4/2005,Stage 3,severe,1,15.3,70,3.935459748
2992,1960,female,9/8/2005,Stage 1,moderate,1,15.9,45,3.99095486
3157,1956,male,2/2/2004,Stage 1,moderate,1,3.9,48,1.963474124
2153,1956,male,12/13/2005,Stage 2,moderate,1,19.6,49,4.292781749
874,1937,female,11/2/2005,Stage 2,moderate,1,19.6,68,4.292781749
3264,1962,male,3/23/2004,Stage 0,moderate,1,10.7,42,3.419538892
2867,1961,male,1/15/2004,Stage 2,moderate,1,4.6,43,2.201633861
2693,1959,female,4/22/2004,Stage 2,moderate,1,10.8,45,3.432959407
923,1967,female,9/6/2005,Stage 0,moderate,1,6.7,38,2.744161096
1516,1953,female,11/10/2003,Stage 3,severe,3,5.5,50,2.459431619
1403,1980,male,5/25/2005,Stage 1,moderate,3,6.2,25,2.632268215
1024,1938,male,3/11/2004,Stage 4,severe,1,12.6,66,3.655351829
3268,1959,female,8/26/2005,Stage 1,moderate,1,12.3,46,3.62058641
2982,1956,male,8/30/2005,Stage 2,moderate,1,8.8,49,3.137503524
2557,1954,female,1/20/2004,Stage 2,moderate,1,6.2,50,2.632268215
615,1960,male,6/4/2004,Stage 0,moderate,1,3.1,44,1.632268215
2753,1955,male,3/30/2004,Stage 1,moderate,1,5.7,49,2.510961919
1786,1950,female,7/22/2005,Stage 4,severe,1,23.4,55,4.548436625
290,1956,male,1/16/2004,Stage 4,severe,1,24.5,48,4.614709844
3631,1956,female,12/9/2003,Stage 4,severe,NA,18.2,47,4.185866545
1132,1942,male,9/2/2005,Stage 2,moderate,1,13.7,63,3.776103988
2349,1953,female,6/8/2005,Stage 1,moderate,1,14.3,52,3.837943242
925,1952,female,10/11/2004,Stage 3,severe,3,22,52,4.459431619
3663,1964,male,1/6/2004,Stage 0,moderate,1,2.4,40,1.263034406
2707,1939,female,7/6/2005,Stage 3,severe,1,9.2,66,3.201633861
3320,1958,male,2/2/2005,Stage 3,severe,1,23.8,47,4.572889668
393,1953,male,3/16/2004,Stage 2,moderate,1,7.5,51,2.906890596
2394,1964,female,1/25/2006,Stage 0,moderate,1,6.2,42,2.632268215
895,1954,male,2/9/2004,Stage 3,severe,NA,8.4,50,3.070389328
1910,1961,male,1/5/2006,Stage 1,moderate,1,3.6,45,1.847996907
2769,1961,female,2/6/2006,Stage 0,moderate,1,4.7,45,2.232660757
1817,1959,female,3/28/2006,Stage 1,moderate,1,3.7,47,1.887525271
576,1983,female,1/5/2004,Stage 1,moderate,1,18.1,21,4.177917792
93,1952,male,11/7/2005,Stage 2,moderate,4,10.4,53,3.378511623
3079,1957,male,2/8/2006,Stage 0,moderate,1,5.9,49,2.560714954
1200,1950,female,1/19/2004,Stage 2,moderate,1,8.8,54,3.137503524
3736,1954,female,8/9/2004,Stage 2,moderate,1,21.9,50,4.452858965
378,1951,female,3/2/2003,Stage 3,severe,1,61.4,52,5.94016675
33,1958,female,5/27/2004,Stage 0,moderate,NA,6.1,46,2.608809243
784,1943,female,8/9/2005,Stage 3,severe,1,40,62,5.321928095
13,1952,female,2/12/2004,Stage 0,moderate,1,6.6,52,2.722466024
375,1948,male,5/24/2005,Stage 3,severe,1,43.5,57,5.442943496
3730,1947,female,1/29/2004,Stage 4,severe,3,15.4,57,3.944858446
3037,1947,female,4/21/2004,Stage 2,moderate,1,8.5,57,3.087462841
3610,1958,male,6/18/2004,Stage 1,moderate,1,12.2,46,3.608809243
3207,1943,male,12/13/2005,Stage 3,severe,1,6,62,2.584962501
301,1964,male,9/7/2005,Stage 4,severe,2,19.9,41,4.314696526
1805,1950,male,3/30/2005,Stage 4,severe,3,7.4,55,2.887525271
2397,1938,male,5/10/2005,Stage 4,severe,NA,40.1,67,5.325530332
202,1961,female,1/20/2004,Stage 3,severe,1,15.2,43,3.925999419
3556,1944,male,5/9/2005,Stage 2,moderate,1,9.3,61,3.217230716
1748,1965,male,3/9/2004,Stage 1,moderate,3,11.4,39,3.510961919
151,1946,female,12/21/2005,Stage 4,severe,1,16.6,59,4.053111336
1582,1961,male,2/2/2004,Stage 2,moderate,1,6.7,43,2.744161096
320,1927,female,5/27/2004,Stage 3,severe,1,23.4,77,4.548436625
2199,1956,male,1/6/2005,Stage 1,moderate,1,6.3,49,2.655351829
2476,1951,female,3/20/2006,Stage 0,moderate,2,5.5,55,2.459431619
3635,1941,female,4/19/2004,Stage 2,moderate,1,22.4,63,4.485426827
1208,1974,male,4/23/2004,Stage 0,moderate,1,8.6,30,3.10433666
351,1961,male,2/13/2006,Stage 2,moderate,3,10.5,45,3.392317423
1809,1960,female,8/26/2005,Stage 0,moderate,1,8.2,45,3.03562391
2728,1975,male,8/12/2005,Stage 1,moderate,1,5.3,30,2.40599236
2931,1958,male,2/25/2004,Stage 0,moderate,3,10.9,46,3.44625623
3173,1952,female,5/13/2004,Stage 3,severe,1,15.8,52,3.981852653
1481,1953,female,9/20/2005,Stage 2,moderate,1,7.6,52,2.925999419
8,1960,male,7/21/2005,Stage 4,severe,1,19.9,45,4.314696526
1248,1971,male,1/19/2004,Stage 0,moderate,NA,6.3,33,2.655351829
670,1969,male,3/24/2004,Stage 0,moderate,1,3.3,35,1.722466024
805,1963,male,11/21/2003,Stage 0,moderate,1,14.1,40,3.817623258
2528,1967,male,9/15/2005,Stage 1,moderate,1,11.2,38,3.485426827
319,1959,female,1/30/2006,Stage 4,severe,NA,16.2,47,4.017921908
345,1940,female,6/30/2004,Stage 2,moderate,1,11.5,64,3.523561956
1379,1936,male,10/12/2005,Stage 4,severe,NA,18.4,69,4.201633861
535,1944,female,8/3/2004,Stage 4,severe,1,24.6,60,4.62058641
2066,1956,female,3/30/2005,Stage 1,moderate,1,5,49,2.321928095
3540,1928,female,6/17/2004,Stage 4,severe,1,31.4,76,4.972692654
3226,1958,female,5/19/2005,Stage 1,moderate,1,34.9,47,5.125155131
3644,1976,male,9/13/2005,Stage 1,moderate,1,10.5,29,3.392317423
3330,1932,female,11/12/2003,Stage 3,severe,NA,34.5,71,5.108524457
2218,1962,female,7/18/2005,Stage 0,moderate,NA,23.5,43,4.554588852
3308,1968,female,7/8/2004,Stage 0,moderate,1,8.2,36,3.03562391
1647,1949,male,5/4/2004,Stage 4,severe,1,33.7,55,5.074676686
